"raw","Species"
"Acinetospora nicholsoniae G.J. Hollenberg","Acinetospora nicholsoniae"
"Acrochaete apiculata (Setchell & N.L. Gardner) C.J. O'Kelly","Acrochaete apiculata"
"Acrochaetium angustum (K.M. Drew) G.F. Papenfuss","Acrochaetium angustum"
"Acrochaetium arcuatum (K.M. Drew) C.K. Tseng","Acrochaetium arcuatum"
"Acrochaetium catenulatum M.A. Howe","Acrochaetium catenulatum"
"Acrochaetium microscopicum (Kützing) Nägeli","Acrochaetium microscopicum"
"Acrochaetium plumosum (K.M. Drew) G.M. Smith","Acrochaetium plumosum"
"Acrochaetium rosulatum (Rosenvinge) G.F. Papenfuss","Acrochaetium rosulatum"
"Acrochaetium tenuissimum (Collins) G.F. Papenfuss","Acrochaetium tenuissimum"
"Acrosiphonia coalita (Ruprecht) R.F. Scagel, D.J. Garbary, L. Golden & M.J. Hawkes","Acrosiphonia coalita"
"Acrosiphonia saxatilis (Ruprecht) Vinogradova","Acrosiphonia saxatilis"
"Acrosorium sp.","Acrosorium sp."
"Agardhiella subulata (C. Agardh) G.T. Kraft & M.J. Wynne","Agardhiella subulata"
"Agissea orientalis (Weber Bosse) Pestana, Lyra, Cassano & J.M.C. Nunes","Agissea orientalis"
"Aglaothamnion cordatum (Borgesen) Feldmann-Mazoyer","Aglaothamnion cordatum"
"Aglaothamnion endovagum (Setchell & N.L. Gardner) I.A. Abbott","Aglaothamnion endovagum"
"Aglaothamnion tenuissimum (Bonnemaison) Feldmann-Mazoyer","Aglaothamnion tenuissimum"
"Ahnfeltia fastigiata (Endlicher) Makienko","Ahnfeltia fastigiata"
"Ahnfeltiopsis linearis (C. Agardh) P.C. Silva & T.C. DeCew","Ahnfeltiopsis linearis"
"Alaria marginata Postels & Ruprecht","Alaria marginata"
"Amphiroa beauvoisii Lamouroux","Amphiroa beauvoisii"
"Amplisiphonia pacifica G.J. Hollenberg","Amplisiphonia pacifica"
"Analipus japonicus (Harvey) M.J. Wynne","Analipus japonicus"
"Anisocladella pacifica Kylin","Anisocladella pacifica"
"Anotrichium furcellatum (J. Agardh) R.N. Baldock","Anotrichium furcellatum"
"Antithamnion defectum Kylin","Antithamnion defectum"
"Antithamnion dendroideum G.M. Smith & G.J. Hollenberg","Antithamnion dendroideum"
"Antithamnion hubbsii E.Y. Dawson","Antithamnion hubbsii"
"Antithamnion kylinii N.L. Gardner","Antithamnion kylinii"
"Antithamnionella breviramosa (E.Y. Dawson) Womersley & J.W. Bailey","Antithamnionella breviramosa"
"Antithamnionella pacifica (Harvey) E.M. Wollaston","Antithamnionella pacifica"
"Antithamnionella spirographidis (Schiffner) E.M. Wollaston","Antithamnionella spirographidis"
"Asparagopsis taxiformis (Delile) Trevisan","Asparagopsis taxiformis"
"Bangia maxima Gardner","Bangia maxima"
"Bangia vermicularis Harvey","Bangia vermicularis"
"Battersia plumigera (Holmes ex Hauck) S.G.A. Draisma, W.F. Prud'homme van Reine & H. Kawai","Battersia plumigera"
"Battersia racemosa (Greville) S.G.A. Draisma, W.F. Prud'homme van Reine & H. Kawai","Battersia racemosa"
"Besa leptophylla (J. Agardh) M.S. Calderon & K.A. Miller","Besa leptophylla"
"Besa papillaeformis Setchell","Besa papillaeformis"
"Besa stipitata G.J. Hollenberg & I.A. Abbott","Besa stipitata"
"Binghamia californica J. Agardh","Binghamia californica"
"Binghamia forkii (E.Y. Dawson) P.C. Silva","Binghamia forkii"
"Binghamiopsis caespitosa I.K. Lee, J.A. West, & M.H. Hommersand","Binghamiopsis caespitosa"
"Blidingia dawsonii (G.J. Hollenberg & I.A. Abbott) S.C. Lindstrom, L.A. Hanic & L. Golden","Blidingia dawsonii"
"Blidingia minima (Nägeli ex Kützing) Kylin","Blidingia minima"
"Blidingia minima var. vexata (Setchell & N.L. Gardner) J.N. Norris","Blidingia minima"
"Blidingia subsalsa (Kjellman) R.F. Scagel et al.","Blidingia subsalsa"
"Blinksia californica G.J. Hollenberg & I.A. Abbott","Blinksia californica"
"Bolbocoleon piliferum Pringsheim","Bolbocoleon piliferum"
"Bonnemaisonia californica Buffham","Bonnemaisonia californica"
"Bonnemaisonia geniculata N.L. Gardner","Bonnemaisonia geniculata"
"Bonnemaisonia hamifera Hariot","Bonnemaisonia hamifera"
"Boreolithothamnion giganteum (L.R. Mason) P.W. Gabrielson, Maneveldt, J.R. Hughey & V. Peña","Boreolithothamnion giganteum"
"Boreolithothamnion phymatodeum (Foslie) P.W. Gabrielson, Maneveldt, J.R. Hughey & V. Peña","Boreolithothamnion phymatodeum"
"Bornetia californica I.A. Abbott","Bornetia californica"
"Bossiella californica (Decaisne) P.C. Silva","Bossiella californica"
"Bossiella chiloensis (Decaisne) H.W. Johansen","Bossiella chiloensis"
"Bossiella dichotoma (Manza) P.C. Silva","Bossiella dichotoma"
"Bossiella exarticulata K.R. Hind, P.T. Martone, C.P. Jensen, & P.W. Gabrielson","Bossiella exarticulata"
"Bossiella frondescens (Postels & Ruprecht) E.Y. Dawson","Bossiella frondescens"
"Bossiella frondifera Manza","Bossiella frondifera"
"Bossiella heteroforma K.R. Hind, P.W. Gabrielson & G.W. Saunders","Bossiella heteroforma"
"Bossiella mayae P.W. Gabrielson, K.R. Hind, P.T. Martone, & C.P. Jensen","Bossiella mayae"
"Bossiella orbigniana (Decaisne) P.C. Silva","Bossiella orbigniana"
"Bossiella plumosa (Manza) P.C. Silva","Bossiella plumosa"
"Bossiella schmittii (Manza) H.W. Johansen","Bossiella schmittii"
"Botryocladia neushulii E.Y. Dawson","Botryocladia neushulii"
"Botryocladia pseudodichotoma (Farlow) Kylin","Botryocladia pseudodichotoma"
"Botrytella pacifica (G.J. Hollenberg) G.I. Hansen","Botrytella pacifica"
"Branchioglossum bipinnatifidum (Montagne) M.J. Wynne","Branchioglossum bipinnatifidum"
"Branchioglossum undulatum E.Y. Dawson","Branchioglossum undulatum"
"Bryopsis corticulans Setchell","Bryopsis corticulans"
"Bryopsis hypnoides Lamouroux","Bryopsis hypnoides"
"Bryopsis pennata var. minor J. Agardh","Bryopsis pennata"
"Bryopsis spp.","Bryopsis spp."
"Calliarthron cheilosporioides Manza","Calliarthron cheilosporioides"
"Calliarthron tuberculosum (Postels & Ruprecht) E.Y. Dawson","Calliarthron tuberculosum"
"Callilithophytum parcum (Setchell & Foslie) P.W. Gabrielson, W.H. Adey, G.P. Johnson & J.J. Hernandez-Kantun","Callilithophytum parcum"
"Callithamnion acutum Kylin","Callithamnion acutum"
"Callithamnion biseriatum Kylin","Callithamnion biseriatum"
"Callithamnion catalinense E.Y. Dawson","Callithamnion catalinense"
"Callithamnion paschale Borgesen","Callithamnion paschale"
"Callithamnion pikeanum Harvey","Callithamnion pikeanum"
"Callithamnion ramosissimum N.L. Gardner","Callithamnion ramosissimum"
"Callithamnion rupicola C.L. Anderson","Callithamnion rupicola"
"Callocolax fungiformis Kylin","Callocolax fungiformis"
"Callophyllis crenulata Setchell","Callophyllis crenulata"
"Callophyllis dissecta Setchell & Swezy","Callophyllis dissecta"
"Callophyllis edentata Kylin","Callophyllis edentata"
"Callophyllis flabellulata Harvey","Callophyllis flabellulata"
"Callophyllis heanophylla Setchell","Callophyllis heanophylla"
"Callophyllis linearis (Kylin) I.A. Abbott & R.E. Norris","Callophyllis linearis"
"Callophyllis obtusifolia J. Agardh","Callophyllis obtusifolia"
"Callophyllis odonthalioides Setchell","Callophyllis odonthalioides"
"Callophyllis pinnata Setchell & Swezy","Callophyllis pinnata"
"Callophyllis schneideri B.E. Clarkston & G.W. Saunders","Callophyllis schneideri"
"Callophyllis thompsonii Setchell","Callophyllis thompsonii"
"Callophyllis variegata (Bory de Saint-Vincent) Kützing","Callophyllis variegata"
"Callophyllis violacea J. Agardh","Callophyllis violacea"
"Campylaephora californica (Farlow) T.O. Cho","Campylaephora californica"
"Campylaephora gardneri (Kylin) Barros-Barreto & Maggs","Campylaephora gardneri"
"Campylaephora kondoi (Yendo) Barros-Barreto & Maggs","Campylaephora kondoi"
"Campylaephora sungminbooi (J.R. Hughey & G. H.Boo) Barros-Barreto & Maggs","Campylaephora sungminbooi"
"Capsosiphon fulvescens (C. Agardh) Setchell & N.L. Gardner","Capsosiphon fulvescens"
"Carpopeltis bushiae (Farlow) Kylin","Carpopeltis bushiae"
"Carradoriella denudata (Dillwyn) A.M. Savoie & G.W. Saunders","Carradoriella denudata"
"Caulerpa prolifera (Forssk&aring;l) Lamouroux","Caulerpa prolifera"
"Caulerpa taxifolia (Vahl) C. Agardh","Caulerpa taxifolia"
"Centroceras clavulatum (C. Agardh) Montagne","Centroceras clavulatum"
"Ceramium avalonae E.Y. Dawson","Ceramium avalonae"
"Ceramium californicum J. Agardh","Ceramium californicum"
"Ceramium camouii E.Y. Dawson","Ceramium camouii"
"Ceramium caudatum Setchell & N.L. Gardner","Ceramium caudatum"
"Ceramium equisetoides E.Y. Dawson","Ceramium equisetoides"
"Ceramium procumbens Setchell & N.L. Gardner","Ceramium procumbens"
"Ceramium serpens Setchell & N.L. Gardner","Ceramium serpens"
"Ceramium viscainoense E.Y. Dawson","Ceramium viscainoense"
"Ceramium zacae Setchell & N.L. Gardner","Ceramium zacae"
"Ceramothamnion codicola (J. Agardh) M.J. Wynne & C.W. Schneider","Ceramothamnion codicola"
"Ceramothamnion coulteri (Harvey) M.J. Wynne & C.W. Schneider","Ceramothamnion coulteri"
"Ceramothamnion interruptum (J. Agardh) M.J. Wynne & C.W. Schneider","Ceramothamnion interruptum"
"Ceramothamnion pacificum (Collins) M.J. Wynne & C.W. Schneider","Ceramothamnion pacificum"
"Ceramothamnion sinicola (Setchell & N.L. Gardner) M.J. Wynne & C.W. Schneider","Ceramothamnion sinicola"
"Chaetomorpha aerea (Dillwyn) Kützing","Chaetomorpha aerea"
"Chaetomorpha antennina (Bory) Kützing","Chaetomorpha antennina"
"Chaetomorpha californica Collins","Chaetomorpha californica"
"Chaetomorpha linum (O.F. Müller) Kützing","Chaetomorpha linum"
"Chaetomorpha spiralis Okamura","Chaetomorpha spiralis"
"Chamberlainium decipiens (Foslie) Caragnano, Foetisch, Maneveldt & Payri","Chamberlainium decipiens"
"Chamberlainium tumidum (Foslie) Caragnano, Foetisch, Maneveldt & Payri","Chamberlainium tumidum"
"Champia parvula (C. Agardh) Harvey","Champia parvula"
"Chiharaea americana (E.Y. Dawson & R.L. Steele) P.T. Martone, S.C. Lindstrom, K.A. Miller & P.W. Gabrielson","Chiharaea americana"
"Chiharaea bodegensis H.W. Johansen","Chiharaea bodegensis"
"Chiharaea rhododactyla K.R. Hind & G.W. Saunders","Chiharaea rhododactyla"
"Chiharaea silvae (H.W. Johansen) P.T. Martone, S.C. Lindstrom, K.A. Miller & P.W. Gabrielson","Chiharaea silvae"
"Chlorocystis moorei (N.L. Gardner) T. Darienko, C. Rad-Menéndez, C.N. Campbell & T. Pröschold","Chlorocystis moorei"
"Chondracanthus bajacalifornicus J.R. Hughey & M.H. Hommersand","Chondracanthus bajacalifornicus"
"Chondracanthus canaliculatus (Harvey) M. Guiry","Chondracanthus canaliculatus"
"Chondracanthus corymbiferus (Kützing) M. Guiry","Chondracanthus corymbiferus"
"Chondracanthus exasperatus (Harvey & J.W. Bailey) J.R. Hughey","Chondracanthus exasperatus"
"Chondracanthus harveyanus (Kützing) M. Guiry","Chondracanthus harveyanus"
"Chondracanthus kjeldsenii J.R. Hughey & M.H. Hommersand","Chondracanthus kjeldsenii"
"Chondracanthus serratus (N.L. Gardner) J.R. Hughey & M.H. Hommersand","Chondracanthus serratus"
"Chondracanthus spinosus (Kützing) M. Guiry","Chondracanthus spinosus"
"Chondracanthus tepidus (G.J. Hollenberg) M. Guiry","Chondracanthus tepidus"
"Chondria acrorhizophora Setchell & N.L. Gardner","Chondria acrorhizophora"
"Chondria arcuata G.J. Hollenberg","Chondria arcuata"
"Chondria dasyphylla (Woodward) C. Agardh","Chondria dasyphylla"
"Chondria decipiens Kylin","Chondria decipiens"
"Chondria oppositiclada E.Y. Dawson","Chondria oppositiclada"
"Choreonema thuretii (Bornet) F. Schmitz","Choreonema thuretii"
"Chroodactylon ornatum (C. Agardh) Basson","Chroodactylon ornatum"
"Cladophora albida (Nees) Kützing","Cladophora albida"
"Cladophora columbiana Collins","Cladophora columbiana"
"Cladophora elmorei E.Y. Dawson","Cladophora elmorei"
"Cladophora graminea Collins","Cladophora graminea"
"Cladophora microcladioides Collins","Cladophora microcladioides"
"Cladophora sericea (Hudson) Kützing","Cladophora sericea"
"Cladophora stimpsonii Harvey","Cladophora stimpsonii"
"Cladophoropsis fasciculata (Kjellman) Wille","Cladophoropsis fasciculata"
"Codiolum gregarium Braun","Codiolum gregarium"
"Codium cuneatum Setchell & N.L. Gardner","Codium cuneatum"
"Codium dawsonii P.C. Silva, F. Pedroche, M. Chacana & K.A. Miller","Codium dawsonii"
"Codium fragile subsp. californicum (J. Agardh) Maggs & J. Kelly","Codium fragile"
"Codium fragile subsp. fragile (Suringar) Hariot","Codium fragile"
"Codium hubbsii E.Y. Dawson","Codium hubbsii"
"Codium johnstonei P.C. Silva","Codium johnstonei"
"Codium setchellii N.L. Gardner","Codium setchellii"
"Coilodesme californica (Ruprecht) Kjellman","Coilodesme californica"
"Coilodesme corrugata Setchell & N.L. Gardner","Coilodesme corrugata"
"Coilodesme plana G.J. Hollenberg & I.A. Abbott","Coilodesme plana"
"Coilodesme rigida Setchell & N.L. Gardner","Coilodesme rigida"
"Colacodasya californica G.J. Hollenberg","Colacodasya californica"
"Colaconema amphiroae (K.M. Drew) P.W. Gabrielson","Colaconema amphiroae"
"Colaconema bonnemaisoniae Batters","Colaconema bonnemaisoniae"
"Colaconema coccineum (K.M. Drew) P.W. Gabrielson","Colaconema coccineum"
"Colaconema daviesii (Dillwyn) Stegenga","Colaconema daviesii"
"Colaconema desmarestiae (Kylin) P.W. Gabrielson","Colaconema desmarestiae"
"Colaconema gymnogongri (Setchell & N.L. Gardner) P.W. Gabrielson","Colaconema gymnogongri"
"Colaconema macounii (Collins) P.W. Gabrielson","Colaconema macounii"
"Colaconema pacificum (Kylin) Woelkerling","Colaconema pacificum"
"Colaconema pectinatum (Kylin) J.T. Harper & G.W. Saunders","Colaconema pectinatum"
"Colaconema plumosum (K.M. Drew) Woelkerling","Colaconema plumosum"
"Colaconema plumosum var. variabile (K.M. Drew) P.W. Gabrielson","Colaconema plumosum"
"Colaconema rhizoideum (K.M. Drew) P.W. Gabrielson","Colaconema rhizoideum"
"Colaconema scinaiae (E.Y. Dawson) J.N. Norris","Colaconema scinaiae"
"Colaconema thuretii (Bornet) P.W. Gabrielson","Colaconema thuretii"
"Collinsiella tuberculata Setchell & N.L. Gardner","Collinsiella tuberculata"
"Colpomenia claytoniae S.M. Boo, K.M. Lee, G.Y. Cho & W. A. Nelson","Colpomenia claytoniae"
"Colpomenia expansa (DeA. Saunders) Y.P. Lee","Colpomenia expansa"
"Colpomenia peregrina (Sauvageau) G. Hamel","Colpomenia peregrina"
"Colpomenia sinuosa (Mertens ex Roth) Derbès & Solier","Colpomenia sinuosa"
"Compsonema fructuosum Setchell & N.L. Gardner","Compsonema fructuosum"
"Compsonema intricatum Setchell & N.L. Gardner","Compsonema intricatum"
"Compsonema serpens Setchell & N.L. Gardner","Compsonema serpens"
"Compsonema sporangiiferum Setchell & N.L. Gardner","Compsonema sporangiiferum"
"Constantinea simplex Setchell","Constantinea simplex"
"Corallina bathybentha E.Y. Dawson","Corallina bathybentha"
"Corallina berteroi Montagne ex Kützing","Corallina berteroi"
"Corallina chilensis Decaisne","Corallina chilensis"
"Corallina parva R.M. Wade, P.W. Gabrielson, K.R. Hind & P.T. Martone","Corallina parva"
"Corallina vancouveriensis Yendo","Corallina vancouveriensis"
"Corallophila eatoniana (Farlow) T.O. Cho, H.-G. Choi, G.I. Hansen, & S.M. Boo","Corallophila eatoniana"
"Coriophyllum expansum Setchell & N.L. Gardner","Coriophyllum expansum"
"Costaria costata (C. Agardh) DeA. Saunders","Costaria costata"
"Crusticorallina adhaerens K.R. Hind, P.T. Martone, C.P. Jensen & P.W. Gabrielson","Crusticorallina adhaerens"
"Crusticorallina muricata (Foslie) P.W. Gabrielson, P.T. Martone, K.R. Hind, & C.P. Jensen","Crusticorallina muricata"
"Cryptonemia angustata (Setchell & N.L. Gardner) E.Y. Dawson","Cryptonemia angustata"
"Cryptonemia borealis Kylin","Cryptonemia borealis"
"Cryptonemia obovata J. Agardh","Cryptonemia obovata"
"Cryptopleura crispa Kylin","Cryptopleura crispa"
"Cryptopleura dichotoma N.L. Gardner","Cryptopleura dichotoma"
"Cryptopleura lobulifera (J. Agardh) Kylin","Cryptopleura lobulifera"
"Cryptopleura peltata (Montagne) M.J. Wynne","Cryptopleura peltata"
"Cryptopleura rosacea I.A. Abbott","Cryptopleura rosacea"
"Cryptopleura ruprechtiana (J. Agardh) Kylin","Cryptopleura ruprechtiana"
"Cryptopleura violacea (J. Agardh) Kylin","Cryptopleura violacea"
"Cryptosiphonia woodii (J. Agardh) J. Agardh","Cryptosiphonia woodii"
"Cumagloia andersonii (Farlow) Setchell & N.L. Gardner","Cumagloia andersonii"
"Cumathamnion decipiens (J. Agardh) M.J. Wynne & G.W. Saunders","Cumathamnion decipiens"
"Cumathamnion sympodophyllum M.J. Wynne & Daniels","Cumathamnion sympodophyllum"
"Cylindrocarpus microscopicus P.L. Crouan & H.M. Crouan","Cylindrocarpus microscopicus"
"Dactylosiphon bullosus (DeA. Saunders) Santiañez, K.M. Lee, S.M. Boo & K. Kogame","Dactylosiphon bullosus"
"Dasya binghamiae A.J.K. Millar","Dasya binghamiae"
"Dasya plumosa (Harvey & J.W. Bailey) M.M. Cassidy, C.W. Schneider & G.W. Saunders","Dasya plumosa"
"Dasya sinicola (Setchell & N.L. Gardner) E.Y. Dawson","Dasya sinicola"
"Dasya sinicola var. abyssicola (E.Y. Dawson) E.Y. Dawson","Dasya sinicola"
"Dasya sinicola var. californica (N.L. Gardner) E.Y. Dawson","Dasya sinicola"
"Dasya sp1.","Dasya sp1."
"Dasya sp2.","Dasya sp2."
"Derbesia marina (Lyngbye) Solier","Derbesia marina"
"Derbesia prolifica W.R. Taylor","Derbesia prolifica"
"Dermocorynus occidentalis G.J. Hollenberg","Dermocorynus occidentalis"
"Desmarestia dudresnayi subsp. tabacoides (Okamura) A.F. Peters, E.C. Yang, F.C. Küpper & W.F. Prud'homme van Reine","Desmarestia dudresnayi"
"Desmarestia herbacea (Turner) Lamouroux","Desmarestia herbacea"
"Desmarestia kurilensis Yamada","Desmarestia kurilensis"
"Desmarestia latifrons (Ruprecht) Kützing","Desmarestia latifrons"
"Desmarestia viridis (O.F. Müller) Lamouroux","Desmarestia viridis"
"Devaleraea mollis (Setchell & N.L. Gardner) G.W. Saunders, C.J. Jackson & Salomaki","Devaleraea mollis"
"Dictyoneurum californicum Ruprecht","Dictyoneurum californicum"
"Dictyoneurum reticulatum (DeA. Saunders) P.C. Silva","Dictyoneurum reticulatum"
"Dictyopteris undulata Holmes","Dictyopteris undulata"
"Dictyota binghamiae J. Agardh","Dictyota binghamiae"
"Dictyota coriacea (Holmes) I.K. Hwang, H.S. Kim, & W.J. Lee","Dictyota coriacea"
"Dictyota cyanoloma A. Tronholm, O. De Clerck, A. Gomez-Garreta & J. Rull Lluch","Dictyota cyanoloma"
"Dictyota flabellata (Collins) Setchell & N.L. Gardner","Dictyota flabellata"
"Dilsea californica (J. Agardh) Kuntze","Dilsea californica"
"Dilsea pygmaea (Setchell) Setchell","Dilsea pygmaea"
"Diplura simulans G.J. Hollenberg","Diplura simulans"
"Dudresnaya colombiana W.R. Taylor","Dudresnaya colombiana"
"Ectocarpus acutus Setchell & N.L. Gardner","Ectocarpus acutus"
"Ectocarpus chantransioides Setchell & N.L. Gardner","Ectocarpus chantransioides"
"Ectocarpus commensalis Setchell & N.L. Gardner","Ectocarpus commensalis"
"Ectocarpus corticulatus DeA. Saunders","Ectocarpus corticulatus"
"Ectocarpus fasciculatus Harvey","Ectocarpus fasciculatus"
"Ectocarpus fructuosus Setchell & N.L. Gardner","Ectocarpus fructuosus"
"Ectocarpus gonodioides Setchell & N.L. Gardner","Ectocarpus gonodioides"
"Ectocarpus isopodicola E.Y. Dawson","Ectocarpus isopodicola"
"Ectocarpus siliculosus (Dillwyn) Lyngbye","Ectocarpus siliculosus"
"Ectocarpus simulans Setchell & N.L. Gardner","Ectocarpus simulans"
"Ectocarpus taoniae Setchell & N.L. Gardner","Ectocarpus taoniae"
"Egregia menziesii (Turner) J.E. Areschoug","Egregia menziesii"
"Eisenia arborea J.E. Areschoug","Eisenia arborea"
"Elachista fucicola (Velley) J.E. Areschoug","Elachista fucicola"
"Elachista nigra Takamatsu","Elachista nigra"
"Encephalophycus tuberculatus (DeA. Saunders) Santiañez","Encephalophycus tuberculatus"
"Endocladia muricata (Endlicher) J. Agardh","Endocladia muricata"
"Endoplura aurea G.J. Hollenberg","Endoplura aurea"
"Erythrocladia irregularis Rosenvinge","Erythrocladia irregularis"
"Erythrocystis saccata (J. Agardh) P.C. Silva","Erythrocystis saccata"
"Erythrodermis haematis (G.J. Hollenberg) Denizot","Erythrodermis haematis"
"Erythroglossum californicum (J. Agardh) J. Agardh","Erythroglossum californicum"
"Erythroglossum obcordatum E. Y. Dawson & Neushul","Erythroglossum obcordatum"
"Erythrophyllum delesserioides J. Agardh","Erythrophyllum delesserioides"
"Erythrotrichia carnea (Dillwyn) J. Agardh","Erythrotrichia carnea"
"Erythrotrichia porphyroides N.L. Gardner","Erythrotrichia porphyroides"
"Erythrotrichia welwitschii (Ruprecht) Batters","Erythrotrichia welwitschii"
"Eudesme crassa (Suringar) Okamura","Eudesme crassa"
"Eutrichosiphonia confusa (G.J. Hollenberg) A.M. Savoie & G.W. Saunders","Eutrichosiphonia confusa"
"Eutrichosiphonia paniculata (Montagne) D. Bustamante & T.O. Cho","Eutrichosiphonia paniculata"
"Farlowia compressa J. Agardh","Farlowia compressa"
"Farlowia conferta (Setchell) I.A. Abbott","Farlowia conferta"
"Farlowia mollis (Harvey & J.W. Bailey) Farlow & Setchell","Farlowia mollis"
"Faucheocolax attenuatus Setchell","Faucheocolax attenuatus"
"Feldmannia acuminata (DeA. Saunders) G.J. Hollenberg & I.A. Abbott","Feldmannia acuminata"
"Feldmannia chitonicola (DeA. Saunders) Levring","Feldmannia chitonicola"
"Feldmannia globifera (Kützing) G. Hamel","Feldmannia globifera"
"Feldmannia hemispherica (DeA. Saunders) G.J. Hollenberg","Feldmannia hemispherica"
"Feldmannia irregularis (Kützing ) G. Hamel","Feldmannia irregularis"
"Feldmannia mitchelliae (Harvey) H.S. Kim","Feldmannia mitchelliae"
"Feldmannia rhizoidea G.J. Hollenberg & I.A. Abbott","Feldmannia rhizoidea"
"Feldmannia simplex (P.L. Crouan & H.M. Crouan) Hamel","Feldmannia simplex"
"Polysiphonia acuminata N.L. Gardner","Polysiphonia acuminata"
"Fosliea gardneri (Collins) Athanasiadis","Fosliea gardneri"
"Fosliella paschalis (Lemoine) Setchell & N.L. Gardner","Fosliella paschalis"
"Fredericqia chiton (M.A. Howe) Maggs, L. Le Gall, F. Mineur, J. Provan & G.W. Saunders","Fredericqia chiton"
"Fredericqia decewii Maggs, L. Le Gall, F. Mineur, J. Provan & G.W. Saunders","Fredericqia decewii"
"Fryeella gardneri (Setchell) Kylin","Fryeella gardneri"
"Fryeella gardneri var. prostrata E. Y. Dawson & Neushul","Fryeella gardneri"
"Fucus distichus Linnaeus","Fucus distichus"
"Fucus spiralis Linnaeus","Fucus spiralis"
"Fuscifolium papenfussii (V. Krishnamurthy) S.C. Lindstrom","Fuscifolium papenfussii"
"Gardneriella tuberifera Kylin","Gardneriella tuberifera"
"Gastroclonium compressum (G.J. Hollenberg) C.F. Chang & B.M. Xia","Gastroclonium compressum"
"Gastroclonium parvum (G.J. Hollenberg) C.F. Chang & B.M. Xia","Gastroclonium parvum"
"Gayliella taylorii (E.Y. Dawson) T.O. Cho & S.M. Boo","Gayliella taylorii"
"Gelidiocolax mammillatus Fan & G.F. Papenfuss","Gelidiocolax mammillatus"
"Gelidiocolax microsphaericus N.L. Gardner","Gelidiocolax microsphaericus"
"Gelidium arborescens N.L. Gardner","Gelidium arborescens"
"Gelidium coulteri Harvey","Gelidium coulteri"
"Gelidium gabrielsonii J.R. Hughey & G.H. Boo","Gelidium gabrielsonii"
"Gelidium kathyanniae J.R. Hughey & G.H. Boo","Gelidium kathyanniae"
"Gelidium nudifrons N.L. Gardner","Gelidium nudifrons"
"Gelidium purpurascens N.L. Gardner","Gelidium purpurascens"
"Gelidium robustum (N.L. Gardner) G.J. Hollenberg & I.A. Abbott","Gelidium robustum"
"Gelidium umbricola E.Y. Dawson & Neushul","Gelidium umbricola"
"Gelidium vagum Okamura","Gelidium vagum"
"Gloiocladia fryeana (Setchell) N. Sánchez & C. Rodríguez-Prieto","Gloiocladia fryeana"
"Gloiocladia galapagensis (W.R. Taylor) N. Sánchez & C. Rodríguez-Prieto","Gloiocladia galapagensis"
"Gloiocladia laciniata (J. Agardh) N. Sánchez & C. Rodríguez-Prieto","Gloiocladia laciniata"
"Gloiocladia media (Kylin) Filloramo and G.W. Saunders","Gloiocladia media"
"Gloiopeltis furcata (Postels & Ruprecht) J. Agardh","Gloiopeltis furcata"
"Gloiosiphonia californica (Farlow) J. Agardh","Gloiosiphonia californica"
"Gloiosiphonia verticillaris Farlow","Gloiosiphonia verticillaris"
"Gomontia polyrhiza (Lagerheim) Bornet & Flahault","Gomontia polyrhiza"
"Gonimophyllum skottsbergii Setchell","Gonimophyllum skottsbergii"
"Goniotrichopsis sublittoralis G.M. Smith","Goniotrichopsis sublittoralis"
"Gracilaria gardneri (Setchell) Gurgel, J.N. Norris & S. Fredericq","Gracilaria gardneri"
"Gracilaria papenfussii I.A. Abbott","Gracilaria papenfussii"
"Gracilaria robusta Setchell","Gracilaria robusta"
"Gracilaria textorii var. cunninghamii (Farlow) E.Y. Dawson","Gracilaria textorii"
"Gracilaria turgida E.Y. Dawson","Gracilaria turgida"
"Gracilaria veleroae E.Y. Dawson","Gracilaria veleroae"
"Gracilaria vermiculophylla (Ohmi) G.F. Papenfuss","Gracilaria vermiculophylla"
"Gracilariopsis andersonii (Grunow) E.Y. Dawson","Gracilariopsis andersonii"
"Gracilariopsis chorda (Holmes) Ohmi","Gracilariopsis chorda"
"Gracilariopsis oryzoides (Setchell et H.L. Wilson) Gurgel, J.N. Norris & S. Fredericq","Gracilariopsis oryzoides"
"Grateloupia asiatica S. Kawaguchi & H.W. Wang","Grateloupia asiatica"
"Grateloupia californica Kylin","Grateloupia californica"
"Grateloupia prolongata J. Agardh","Grateloupia prolongata"
"Grateloupia turuturu Yamada","Grateloupia turuturu"
"Griffithsia pacifica Kylin","Griffithsia pacifica"
"Gymnogongrus crustiformis E.Y. Dawson","Gymnogongrus crustiformis"
"Gymnogongrus martinensis Setchell & N.L. Gardner","Gymnogongrus martinensis"
"Gymnothamnion elegans (C. Agardh) J. Agardh","Gymnothamnion elegans"
"Halorhipis winstonii (C.L. Anderson) DeA. Saunders","Halorhipis winstonii"
"Halosaccion glandiforme (S.G. Gmelin) Ruprecht","Halosaccion glandiforme"
"Halymenia californica G.M. Smith & G.J. Hollenberg","Halymenia californica"
"Halymenia hollenbergii I.A. Abbott","Halymenia hollenbergii"
"Halymenia schizymenioides G.J. Hollenberg & I.A. Abbott","Halymenia schizymenioides"
"Hapalospongidion gelatinosum DeA. Saunders","Hapalospongidion gelatinosum"
"Haplogloia andersonii (Farlow) Levring","Haplogloia andersonii"
"Hapterophycus canaliculatus Setchell & N.L. Gardner","Hapterophycus canaliculatus"
"Hecatonema primarium (Setchell & N.L. Gardner) S. Loiseaux","Hecatonema primarium"
"Hecatonema streblonematoides (Setchell & N.L. Gardner) S. Loiseaux","Hecatonema streblonematoides"
"Hedophyllum sessile (C. Agardh) Setchell","Hedophyllum sessile"
"Helminthocladia australis Harvey","Helminthocladia australis"
"Helminthora stricta N.L. Gardner","Helminthora stricta"
"Herpochondria borealis (Ruprecht) Barros-Barreto & Maggs","Herpochondria borealis"
"Herposiphonia hollenbergii E.Y. Dawson","Herposiphonia hollenbergii"
"Herposiphonia littoralis G.J. Hollenberg","Herposiphonia littoralis"
"Herposiphonia plumula (J. Agardh) Falkenberg","Herposiphonia plumula"
"Herposiphonia plumula var. parva (Hollenberg) Hollenberg","Herposiphonia plumula"
"Herposiphonia secunda (C. Agardh) Ambronn","Herposiphonia secunda"
"Herposiphonia verticillata (Harvey) Kylin","Herposiphonia verticillata"
"Heterosiphonia densiuscula Kylin","Heterosiphonia densiuscula"
"Heterosiphonia erecta N.L. Gardner","Heterosiphonia erecta"
"Hildenbrandia dawsonii (Ardre) G.J. Hollenberg","Hildenbrandia dawsonii"
"Hildenbrandia occidentalis Setchell","Hildenbrandia occidentalis"
"Hildenbrandia rubra (Sommerfelt) Meneghini","Hildenbrandia rubra"
"Hincksia granulosa (J.E. Smith) P.C. Silva","Hincksia granulosa"
"Hincksia hincksiae var. californica (G.J. Hollenberg & I.A. Abbott) P.C. Silva","Hincksia hincksiae"
"Hincksia sandriana (Zanardini) P.C. Silva","Hincksia sandriana"
"Hincksia saundersii (Setchell & N.L. Gardner) P.C. Silva","Hincksia saundersii"
"Hollenbergia nigricans (N.L. Gardner) E.M. Wollaston","Hollenbergia nigricans"
"Hollenbergia subulata (Harvey) E.M. Wollaston","Hollenbergia subulata"
"Hydroclathrus clathratus (C. Agardh) M.A. Howe","Hydroclathrus clathratus"
"Hymenena cuneifolia M.S. Doty","Hymenena cuneifolia"
"Hymenena flabelligera (J. Agardh) Kylin","Hymenena flabelligera"
"Hymenena multiloba (J. Agardh) Kylin","Hymenena multiloba"
"Hymenena setchellii N.L. Gardner","Hymenena setchellii"
"Hypnea johnstonii Setchell & N.L. Gardner","Hypnea johnstonii"
"Hypnea valentiae (Turner) Montagne","Hypnea valentiae"
"Hypnea valentiae var. gardneri G.J. Hollenberg","Hypnea valentiae"
"Hypnea variabilis Okamura","Hypnea variabilis"
"Irvinea hancockii (E.Y. Dawson) Wilkes, McIvor & M. Guiry","Irvinea hancockii"
"Isabbottia ovalifolia (Kylin) M.S. Balakrishnan","Isabbottia ovalifolia"
"Jania crassa Lamouroux","Jania crassa"
"Jania pedunculata var. adhaerens (Lamouroux) A.S.Harvey, Woelkerling & Reviers","Jania pedunculata"
"Jania rosea (Lamarck) Decaisne","Jania rosea"
"Jania tenella (Kützing) Grunow","Jania tenella"
"Jantinella verruciformis (Setchell & McFadden) Kylin","Jantinella verruciformis"
"Johansenia macmillanii (Yendo) K.R. Hind & G.W. Saunders","Johansenia macmillanii"
"Kallymenia norrisii G.J. Hollenberg & I.A. Abbott","Kallymenia norrisii"
"Kallymenia pacifica Kylin","Kallymenia pacifica"
"Kallymeniopsis oblongifructa (Setchell) G.I. Hansen","Kallymeniopsis oblongifructa"
"Kornmannia leptoderma (Kjellman) C.V. Bliding","Kornmannia leptoderma"
"Kuckuckia catalinae G.J. Hollenberg","Kuckuckia catalinae"
"Laminaria cordata E.Y. Dawson","Laminaria cordata"
"Laminaria ephemera Setchell","Laminaria ephemera"
"Laminaria farlowii Setchell","Laminaria farlowii"
"Laminaria setchellii P.C. Silva","Laminaria setchellii"
"Laminaria sinclairii (Harvey ex J.D. Hooker & Harvey) Farlow, C.L. Anderson, & Eaton","Laminaria sinclairii"
"Laminariocolax aecidioides (Rosenvinge) A.F. Peters","Laminariocolax aecidioides"
"Laurencia decidua E.Y. Dawson","Laurencia decidua"
"Laurencia gardneri G.J. Hollenberg","Laurencia gardneri"
"Laurencia janczewskii M.Preuss, Díaz-Tapia, Verbruggen & Zuccarello","Laurencia janczewskii"
"Laurencia lajolla E.Y. Dawson","Laurencia lajolla"
"Laurencia lappacea (Setchell) M.Preuss, Díaz-Tapia, Verbruggen & Zuccarello","Laurencia lappacea"
"Laurencia masonii Setchell & N.L. Gardner","Laurencia masonii"
"Laurencia pacifica Kylin","Laurencia pacifica"
"Laurencia parasitica M.Preuss, Díaz-Tapia, Verbruggen & Zuccarello","Laurencia parasitica"
"Laurencia snyderae E.Y. Dawson","Laurencia snyderae"
"Laurencia solmsii (Setchell & Guernsey) M.Preuss, Díaz-Tapia, Verbruggen & Zuccarello","Laurencia solmsii"
"Laurencia subdisticha E.Y. Dawson, Neushul & Wildman","Laurencia subdisticha"
"Laurencia subopposita (J. Agardh) Setchell","Laurencia subopposita"
"Leachiella pacifica Kugrens","Leachiella pacifica"
"Leathesia marina (Lyngbye) Decaisne","Leathesia marina"
"Lejolisia pusilla E.Y. Dawson & Neushul","Lejolisia pusilla"
"Leptocladia binghamiae J. Agardh","Leptocladia binghamiae"
"Leptofauchea pacifica E.Y. Dawson","Leptofauchea pacifica"
"Leptophytum hyperandri Athanasiadis","Leptophytum hyperandri"
"Leptophytum lamellicola Athanasiadis & W.H. Adey","Leptophytum lamellicola"
"Leptophytum microsporum (Foslie) Athanasiadis & W.H. Adey","Leptophytum microsporum"
"Leptosiphonia brodiei (Dillwyn) A.M. Savoie & G.W. Saunders","Leptosiphonia brodiei"
"Lessoniopsis littoralis (Farlow & Setchell ex J.E. Tilden) Reinke","Lessoniopsis littoralis"
"Levringiella gardneri (Setchell) Kylin","Levringiella gardneri"
"Liagora californica Zeh","Liagora californica"
"Lithophyllum dispar (Foslie) Foslie","Lithophyllum dispar"
"Lithophyllum grumosum (Foslie) Foslie","Lithophyllum grumosum"
"Lithophyllum imitans Foslie","Lithophyllum imitans"
"Lithophyllum proboscideum (Foslie) Foslie","Lithophyllum proboscideum"
"Lithothamnion","Lithothamnion"
"Lithothamnion australe (Foslie) Foslie","Lithothamnion australe"
"Lithothamnion californicum Foslie","Lithothamnion californicum"
"Lithothamnion montereyicum Foslie","Lithothamnion montereyicum"
"Lithothamnion volcanum E.Y. Dawson","Lithothamnion volcanum"
"Lithothrix aspergillum J.E. Gray","Lithothrix aspergillum"
"Lomentaria caseae E.Y. Dawson","Lomentaria caseae"
"Loranthophycus californicus E.Y. Dawson","Loranthophycus californicus"
"Lychaete sakaii (I.A. Abbott) M.J. Wynne","Lychaete sakaii"
"Macrocystis pyrifera (Linnaeus) C. Agardh","Macrocystis pyrifera"
"Maripelta rotata (E.Y. Dawson) E.Y. Dawson","Maripelta rotata"
"Mastocarpus agardhii (Setchell & N.L. Gardner) S.C. Lindstrom, J.R. Hughey & P.T. Martone","Mastocarpus agardhii"
"Mastocarpus alaskensis S.C. Lindstrom, J.R. Hughey & P.T. Martone","Mastocarpus alaskensis"
"Mastocarpus californianus S.C. Lindstrom, J.R. Hughey & P.T. Martone","Mastocarpus californianus"
"Mastocarpus cristatus (Setchell) S.C. Lindstrom, J.R. Hughey & P.T. Martone","Mastocarpus cristatus"
"Mastocarpus intermedius (Setchell & N.L. Gardner) S.C. Lindstrom, J.R. Hughey & P.T. Martone","Mastocarpus intermedius"
"Mastocarpus jardinii (J. Agardh) J.A. West","Mastocarpus jardinii"
"Mastocarpus latissimus (Harvey) S.C. Lindstrom, J.R. Hughey & P.T. Martone","Mastocarpus latissimus"
"Mastocarpus pachenicus L. Le Gall & G.W. Saunders","Mastocarpus pachenicus"
"Mastocarpus papillatus (C. Agardh) Kützing","Mastocarpus papillatus"
"Mastocarpus rigidus S.C. Lindstrom, J.R. Hughey & P.T. Martone","Mastocarpus rigidus"
"Mastocarpus vancouveriensis S.C. Lindstrom, J.R. Hughey & P.T. Martone","Mastocarpus vancouveriensis"
"Mazzaella affinis (Harvey) S. Fredericq","Mazzaella affinis"
"Mazzaella californica (J. Agardh) De Toni f.","Mazzaella californica"
"Mazzaella coriacea (E.Y. Dawson) J.R. Hughey","Mazzaella coriacea"
"Mazzaella dewreedei G.W. Saunders & K.R. Millar","Mazzaella dewreedei"
"Mazzaella flaccida (Setchell & N.L. Gardner) S. Fredericq","Mazzaella flaccida"
"Mazzaella leptorhynchos (J. Agardh) G.L. Leister","Mazzaella leptorhynchos"
"Mazzaella linearis (Setchell & N.L. Gardner) S. Fredericq","Mazzaella linearis"
"Mazzaella oregona (M.S. Doty) J.R. Hughey, P.C. Silva & M.H. Hommersand","Mazzaella oregona"
"Mazzaella parksii (Setchell & N.L. Gardner) J.R. Hughey, P.C. Silva & M.H. Hommersand","Mazzaella parksii"
"Mazzaella parva (G.M. Smith & G.J. Hollenberg) J.R. Hughey, P.C. Silva, & M.H. Hommersand","Mazzaella parva"
"Mazzaella rosea (Kylin) S. Fredericq","Mazzaella rosea"
"Mazzaella sanguinea (Setchell & N.L. Gardner) M.H. Hommersand","Mazzaella sanguinea"
"Mazzaella splendens (Setchell & N.L. Gardner) S. Fredericq","Mazzaella splendens"
"Mazzaella volans (C. Agardh) S. Fredericq","Mazzaella volans"
"Meiodiscus concrescens (K.M. Drew) P.W. Gabrielson","Meiodiscus concrescens"
"Melanosiphon intestinalis (DeA. Saunders) M.J. Wynne","Melanosiphon intestinalis"
"Melanosiphon intestinalis f. tenuis (Setchell & N.L. Gardner) M.J. Wynne","Melanosiphon intestinalis"
"Melanothamnus bajacali (G.J. Hollenberg) Díaz-Tapia & Maggs","Melanothamnus bajacali"
"Melanothamnus collabens (C. Agardh) Díaz-Tapia & Maggs","Melanothamnus collabens"
"Melanothamnus concinnus (G.J. Hollenberg) Díaz-Tapia & Maggs","Melanothamnus concinnus"
"Melanothamnus eastwoodiae (Setchell & N.L. Gardner) Díaz-Tapia & Maggs","Melanothamnus eastwoodiae"
"Melanothamnus harveyi (Bailey) P. Díaz-Tapia & Maggs","Melanothamnus harveyi"
"Melanothamnus johnstonii (Setchell & N.L. Gardner) Díaz-Tapia & Maggs","Melanothamnus johnstonii"
"Melanothamnus savatieri (Hariot) Díaz-Tapia & Maggs","Melanothamnus savatieri"
"Melanothamnus simplex (G.J. Hollenberg) Díaz-Tapia & Maggs","Melanothamnus simplex"
"Melobesia marginata Setchell & Foslie","Melobesia marginata"
"Melobesia mediocris (Foslie) Setchell & Mason","Melobesia mediocris"
"Membranoptera platyphylla (Setchell & N.L. Gardner) Kylin","Membranoptera platyphylla"
"Membranoptera tenuis Kylin","Membranoptera tenuis"
"Membranoptera weeksiae Setchell & N.L. Gardner","Membranoptera weeksiae"
"Mesophyllum conchatum (Setchell & Foslie) W.H. Adey","Mesophyllum conchatum"
"Mesophyllum crassiusculum (Foslie) P.A. Lebednik","Mesophyllum crassiusculum"
"Mesophyllum lamellatum (Setchell & Foslie) W.H. Adey","Mesophyllum lamellatum"
"Microzonia abyssicola (Setchell & N.L. Gardner) Camacho & S. Fredericq","Microzonia abyssicola"
"Microzonia phinneyi (E.C. Henry & D.G. Müller) Camacho & S. Fredericq","Microzonia phinneyi"
"Minium parvum Moe","Minium parvum"
"Monostroma grevillei (Thuret) Wittrock","Monostroma grevillei"
"Monostroma oxyspermum (Kützing) M.S. Doty","Monostroma oxyspermum"
"Mutimo cylindricus (Okamura) H. Kawai & T. Kitayama","Mutimo cylindricus"
"Myriogramme caespitosa E.Y. Dawson","Myriogramme caespitosa"
"Myriogramme repens G.J. Hollenberg","Myriogramme repens"
"Myriogramme spectabilis (Eaton) Kylin","Myriogramme spectabilis"
"Myriogramme variegata Yamada","Myriogramme variegata"
"Myrionema balticum (Reinke) Foslie","Myrionema balticum"
"Myrionema corunnae Sauvageau","Myrionema corunnae"
"Myrionema magnusii (Sauvageau) S. Loiseaux","Myrionema magnusii"
"Myrionema strangulans Greville","Myrionema strangulans"
"Neevea repens Batters","Neevea repens"
"Nemalion elminthoides (Velley) Batters","Nemalion elminthoides"
"Neoagarum fimbriatum (Harvey) H. Kawai & T. Hanyuda","Neoagarum fimbriatum"
"Neochondria nidifica (Harvey) S. Sutti, T. Abe, K.A. Miller & K. Kogame","Neochondria nidifica"
"Neogastroclonium subarticulatum (Turner) L. Le Gall, Dalen & G.W. Saunders","Neogastroclonium subarticulatum"
"Neogoniolithon setchellii (Foslie) W.H. Adey","Neogoniolithon setchellii"
"Neopolyporolithon reclinatum (Foslie) W.H. Adey & H.W. Johansen","Neopolyporolithon reclinatum"
"Neorhodomela larix (Turner) M. Masuda","Neorhodomela larix"
"Neorhodomela oregona (M.S. Doty) M. Masuda","Neorhodomela oregona"
"Nereocystis luetkeana (Mertens f.) Postels & Ruprecht","Nereocystis luetkeana"
"Nienburgia andersoniana (J. Agardh) Kylin","Nienburgia andersoniana"
"Nitophyllum cincinnatum I.A. Abbott","Nitophyllum cincinnatum"
"Nitophyllum hollenbergii (Kylin) I.A. Abbott","Nitophyllum hollenbergii"
"Nitophyllum northii G.J. Hollenberg & I.A. Abbott","Nitophyllum northii"
"Norrissia setchellii (Kylin) M.S. Balakrishnan","Norrissia setchellii"
"Odonthalia floccosa (Esper) Falkenberg","Odonthalia floccosa"
"Odonthalia washingtoniensis Kylin","Odonthalia washingtoniensis"
"Olokunia meridionalis (G.J. Hollenberg & I.A. Abbott) Pestana, Lyra, Cassano & J.M.C. Nunes","Olokunia meridionalis"
"Ophidocladus simpliciusculus (P.L. Crouan & H.M. Crouan) Falkenberg","Ophidocladus simpliciusculus"
"Opuntiella californica (Farlow) Kylin","Opuntiella californica"
"Osmundea blinksii (G.J. Hollenberg & I.A. Abbott) K.W. Nam","Osmundea blinksii"
"Osmundea crispa (G.J. Hollenberg) K.W. Nam","Osmundea crispa"
"Osmundea spectabilis var. diegoensis (E.Y. Dawson) K.W. Nam","Osmundea spectabilis"
"Osmundea spectabilis var. spectabilis (Postels & Ruprecht) K.W. Nam","Osmundea spectabilis"
"Osmundea splendens (G.J. Hollenberg) K.W. Nam","Osmundea splendens"
"Ozophora clevelandii (Farlow) I.A. Abbott","Ozophora clevelandii"
"Ozophora latifolia I.A. Abbott","Ozophora latifolia"
"Pachymeniopsis lanceolata (Okamura) Yamada ex S. Kawabata","Pachymeniopsis lanceolata"
"Palmaria hecatensis M.J. Hawkes","Palmaria hecatensis"
"Palmophyllum umbracola W. A. Nelson & Ryan","Palmophyllum umbracola"
"Pelagophycus porra (Leman) Setchell","Pelagophycus porra"
"Pelvetiopsis arborescens N.L. Gardner","Pelvetiopsis arborescens"
"Pelvetiopsis californica (P.C. Silva) Neiva, Raimondi, Pearson & Serrão","Pelvetiopsis californica"
"Pelvetiopsis hybrida Neiva, Raimondi, Pearson & Serrão","Pelvetiopsis hybrida"
"Pelvetiopsis limitata (Setchell) N.L. Gardner","Pelvetiopsis limitata"
"Percursaria percursa (C. Agardh) Rosenvinge","Percursaria percursa"
"Petalonia binghamiae (J. Agardh) Vinogradova","Petalonia binghamiae"
"Petalonia fascia (O.F. Müller) Kuntze","Petalonia fascia"
"Petroderma maculiforme (Wollny) Kuckuck","Petroderma maculiforme"
"Petroglossum pacificum G.J. Hollenberg","Petroglossum pacificum"
"Petroglossum parvum G.J. Hollenberg","Petroglossum parvum"
"Petrospongium rugosum (Okamura) Setchell & N.L. Gardner","Petrospongium rugosum"
"Peyssonnelia dubyi P.L. Crouan & H.M. Crouan","Peyssonnelia dubyi"
"Peyssonnelia hairii G.J. Hollenberg & I.A. Abbott","Peyssonnelia hairii"
"Peyssonnelia pacifica Kylin","Peyssonnelia pacifica"
"Peyssonnelia profunda G.J. Hollenberg & I.A. Abbott","Peyssonnelia profunda"
"Peyssonneliopsis epiphytica Setchell & G.W. Lawson","Peyssonneliopsis epiphytica"
"Phaeostrophion irregulare Setchell & N.L. Gardner","Phaeostrophion irregulare"
"Phrix spatulata (E.Y. Dawson) M.J. Wynne, M. Kamiya & J.A. West","Phrix spatulata"
"Phycodrys gardneri (Setchell) J.M. Freese & C.E. Lane","Phycodrys gardneri"
"Phycodrys isabellae R.E. Norris & M.J. Wynne","Phycodrys isabellae"
"Phycodrys ovifolia (Kützing) M.J. Wynne","Phycodrys ovifolia"
"Phycodrys phycodricola (E.Y. Dawson) J.M. Freese & C.E. Lane","Phycodrys phycodricola"
"Phycodrys profunda E.Y. Dawson","Phycodrys profunda"
"Phycodrys setchellii Skottsberg","Phycodrys setchellii"
"Pikea californica Harvey","Pikea californica"
"Pikea pinnata Setchell","Pikea pinnata"
"Pilinella californica G.J. Hollenberg","Pilinella californica"
"Planosiphon gracilis (K. Kogame) D.C. McDevit & G.W. Saunders","Planosiphon gracilis"
"Platysiphonia clevelandii (Farlow) G.F. Papenfuss","Platysiphonia clevelandii"
"Platysiphonia decumbens M.J. Wynne","Platysiphonia decumbens"
"Platysiphonia parva P.C. Silva & Cleary","Platysiphonia parva"
"Pleonosporium squarrosum Kylin","Pleonosporium squarrosum"
"Pleonosporium squarrulosum (Harvey) I.A. Abbott","Pleonosporium squarrulosum"
"Pleonosporium vancouverianum (J. Agardh) J. Agardh","Pleonosporium vancouverianum"
"Pleurophycus gardneri Setchell & Saunders ex Tilden","Pleurophycus gardneri"
"Plocamiocolax pulvinatus Setchell","Plocamiocolax pulvinatus"
"Plocamium oregonum M.S. Doty","Plocamium oregonum"
"Plocamium pacificum Kylin","Plocamium pacificum"
"Plocamium violaceum Farlow","Plocamium violaceum"
"Pneophyllum nicholsii (Setchell & Mason) P.C. Silva & P.W. Gabrielson","Pneophyllum nicholsii"
"Pollexfenia anacapensis E.Y. Dawson & Neushul","Pollexfenia anacapensis"
"Polyneura latissima (Harvey) Kylin","Polyneura latissima"
"Polyneura latissimicola J.M. Freese & C.E. Lane","Polyneura latissimicola"
"Polyneurella hancockii E.Y. Dawson","Polyneurella hancockii"
"Polyneuropsis stolonifera M.J. Wynne, McBride & J.A. West","Polyneuropsis stolonifera"
"Polysiphonia carettia G.J. Hollenberg","Polysiphonia carettia"
"Polysiphonia decussata G.J. Hollenberg","Polysiphonia decussata"
"Polysiphonia determinata (G.J. Hollenberg) A.M. Savoie & G.W. Saunders","Polysiphonia determinata"
"Polysiphonia flaccidissima G.J. Hollenberg","Polysiphonia flaccidissima"
"Polysiphonia hendryi var. compacta (G.J. Hollenberg) G.J. Hollenberg","Polysiphonia hendryi"
"Polysiphonia hendryi var. deliquescens (G.J. Hollenberg) G.J. Hollenberg","Polysiphonia hendryi"
"Polysiphonia indigena G.J. Hollenberg","Polysiphonia indigena"
"Polysiphonia nathanielii G.J. Hollenberg","Polysiphonia nathanielii"
"Polysiphonia pacifica G.J. Hollenberg","Polysiphonia pacifica"
"Polysiphonia pacifica var. delicatula G.J. Hollenberg","Polysiphonia pacifica"
"Polysiphonia pacifica var. distans G.J. Hollenberg","Polysiphonia pacifica"
"Polysiphonia pacifica var. disticha G.J. Hollenberg","Polysiphonia pacifica"
"Polysiphonia pacifica var. gracilis G.J. Hollenberg","Polysiphonia pacifica"
"Polysiphonia villum J. Agardh","Polysiphonia villum"
"Porphyra mumfordii S.C. Lindstrom & K.M. Cole","Porphyra mumfordii"
"Porphyra purpurea (Roth) C. Agardh","Porphyra purpurea"
"Porphyridium marinum Kylin","Porphyridium marinum"
"Porphyropsis coccinea var. dawsonii G.J. Hollenberg & I.A. Abbott","Porphyropsis coccinea"
"Porphyrostromium boryanum (Montagne) P.C. Silva","Porphyrostromium boryanum"
"Porphyrostromium pulvinatum (N.L. Gardner) J.A. West & Zuccarello","Porphyrostromium pulvinatum"
"Postelsia palmaeformis Ruprecht","Postelsia palmaeformis"
"Prasiola meridionalis Setchell & N.L. Gardner","Prasiola meridionalis"
"Predaea masonii (Setchell & N.L. Gardner) De Toni","Predaea masonii"
"Prionitis andersoniana","Prionitis andersoniana"
"Prionitis australis (J. Agardh) J. Agardh","Prionitis australis"
"Prionitis filiformis Kylin","Prionitis filiformis"
"Prionitis lanceolata (Harvey) Harvey","Prionitis lanceolata"
"Prionitis linearis Kylin","Prionitis linearis"
"Prionitis simplex G.J. Hollenberg & I.A. Abbott","Prionitis simplex"
"Prionitis sternbergii (C. Agardh) J. Agardh","Prionitis sternbergii"
"Pseudoceramium clarionense (Setchell & N.L. Gardner) Barros-Barreto & Maggs","Pseudoceramium clarionense"
"Pseudolithoderma nigrum G.J. Hollenberg","Pseudolithoderma nigrum"
"Pseudulvella consociata Setchell & N.L. Gardner","Pseudulvella consociata"
"Pseudulvella prostrata Setchell & N.L. Gardner","Pseudulvella prostrata"
"Pterochondria woodii (Harvey) G.J. Hollenberg","Pterochondria woodii"
"Pterocladiella caloglossoides (M.A. Howe) B. Santelices","Pterocladiella caloglossoides"
"Pterocladiella capillacea (S.G. Gmelin) B. Santelices & M.H. Hommersand","Pterocladiella capillacea"
"Pterocladiella luxurians (Collins) G.H. Boo & K.A. Miller","Pterocladiella luxurians"
"Pterocladiella media (E.Y. Dawson) G.H. Boo & K.A. Miller","Pterocladiella media"
"Pterosiphonia farlowii G.J. Hollenberg","Pterosiphonia farlowii"
"Pterothamnion heteromorphum (J. Agardh) Athanasiadis & G.T. Kraft","Pterothamnion heteromorphum"
"Pterothamnion pectinatum (Kylin) Athanasiadis & G.T. Kraft","Pterothamnion pectinatum"
"Pterothamnion recurvatum (E.M. Wollaston) Athanasiadis & G.T. Kraft","Pterothamnion recurvatum"
"Pterothamnion villosum (Kylin) Athanasiadis & G.T. Kraft","Pterothamnion villosum"
"Pterygophora californica Ruprecht","Pterygophora californica"
"Ptilota densa C. Agardh","Ptilota densa"
"Ptilota filicina J. Agardh","Ptilota filicina"
"Ptilota hypnoides Harvey","Ptilota hypnoides"
"Ptilothamnion codicola (E.Y. Dawson) I.A. Abbott","Ptilothamnion codicola"
"Ptilothamnionopsis lejolisea (Farlow) P.S. Dixon","Ptilothamnionopsis lejolisea"
"Pugetia fragilissima Aylin","Pugetia fragilissima"
"Pulvinia epiphytica G.J. Hollenberg","Pulvinia epiphytica"
"Punctaria hesperia Setchell & N.L. Gardner","Punctaria hesperia"
"Punctaria occidentalis Setchell & N.L. Gardner","Punctaria occidentalis"
"Pylaiella Bory","Pylaiella Bory"
"Pylaiella littoralis (Linnaeus) Kjellman","Pylaiella littoralis"
"Pylaiella tenella Setchell & N.L. Gardner","Pylaiella tenella"
"Pyropia abbottiae (V. Krishnamurthy) S.C. Lindstrom","Pyropia abbottiae"
"Pyropia bajacaliforniensis L.E. Aguilar-Rosas & J.R. Hughey","Pyropia bajacaliforniensis"
"Pyropia columbiensis S.C. Lindstrom","Pyropia columbiensis"
"Pyropia conwayae (S.C. Lindstrom & K.M. Cole) S.C. Lindstrom","Pyropia conwayae"
"Pyropia gardneri (G.M. Smith & G.J. Hollenberg) S.C. Lindstrom","Pyropia gardneri"
"Pyropia hollenbergii (E.Y. Dawson) J.E. Sutherland, L.E. Aguilar-Rosas & R. Aguilar-Rosas","Pyropia hollenbergii"
"Pyropia kanakaensis (Mumford) S.C. Lindstrom","Pyropia kanakaensis"
"Pyropia lanceolata (Setchell & Hus) S.C. Lindstrom","Pyropia lanceolata"
"Pyropia montereyensis S.C. Lindstrom & J.R. Hughey","Pyropia montereyensis"
"Pyropia nereocystis (C.L. Anderson) S.C. Lindstrom","Pyropia nereocystis"
"Pyropia nitida L.K. Harden, K.M. Morales, & J.R. Hughey","Pyropia nitida"
"Pyropia perforata (J. Agardh) S.C. Lindstrom","Pyropia perforata"
"Pyropia protolanceolata S.C. Lindstrom & J.R. Hughey","Pyropia protolanceolata"
"Pyropia pseudolanceolata (V. Krishnamurthy) S.C. Lindstrom","Pyropia pseudolanceolata"
"Pyropia pulchra (G.J. Hollenberg) S.C. Lindstrom & J.R. Hughey","Pyropia pulchra"
"Pyropia santacruzensis M. Guiry","Pyropia santacruzensis"
"Pyropia suborbiculata (Kjellman) J.E. Sutherland, H.-G. Choi, M.S. Hwang & W.A. Nelson","Pyropia suborbiculata"
"Pyropia thuretii (Setchell & E.Y. Dawson) J.E. Sutherland, L.E. Aguilar-Rosas & R. Aguilar-Rosas","Pyropia thuretii"
"Ralfsia confusa G.J. Hollenberg","Ralfsia confusa"
"Ralfsia fungiformis (Gunnerus) Setchell & N.L. Gardner","Ralfsia fungiformis"
"Ralfsia hesperia Setchell & N.L. Gardner","Ralfsia hesperia"
"Ralfsia integra G.J. Hollenberg","Ralfsia integra"
"Ralfsia pacifica G.J. Hollenberg","Ralfsia pacifica"
"Reticulobotrys catalinae E.Y. Dawson","Reticulobotrys catalinae"
"Rhizoclonium lubricum Setchell & Gardner","Rhizoclonium lubricum"
"Rhizoclonium riparium (Roth) Harvey","Rhizoclonium riparium"
"Rhizoclonium riparium var. implexum (Dillwyn) Rosenvinge","Rhizoclonium riparium"
"Rhizoclonium tortuosum (Dillwyn) Kützing","Rhizoclonium tortuosum"
"Rhodella violacea (Kornmann) W. Wehrmeyer","Rhodella violacea"
"Rhodochorton purpureum (Lightfoot) Rosenvinge","Rhodochorton purpureum"
"Rhodochorton tenue Kylin","Rhodochorton tenue"
"Rhododiscus carmelita G.J. Hollenberg & I.A. Abbott","Rhododiscus carmelita"
"Rhododrewia porphyrae (K.M. Drew) S.L. Clayden & G.W. Saunders","Rhododrewia porphyrae"
"Rhodonematella subimmersa (Setchell & N.L. Gardner) S.L. Clayden &  G.W. Saunders","Rhodonematella subimmersa"
"Rhodophysema minus G.J. Hollenberg & I.A. Abbott","Rhodophysema minus"
"Rhodophysema odonthaliae M. Masuda & M. Ohta","Rhodophysema odonthaliae"
"Rhodymenia arborescens E.Y. Dawson","Rhodymenia arborescens"
"Rhodymenia arborescens E.Y. Dawson (in California)","Rhodymenia arborescens"
"Rhodymenia californica Kylin","Rhodymenia californica"
"Rhodymenia callophyllidoides G.J. Hollenberg & I.A. Abbott","Rhodymenia callophyllidoides"
"Rhodymenia pacifica Kylin","Rhodymenia pacifica"
"Rhodymenia rhizoides E.Y. Dawson","Rhodymenia rhizoides"
"Rhodymenia sympodiophyllum E.Y. Dawson & Neushul","Rhodymenia sympodiophyllum"
"Rhodymeniocolax botryoideus Setchell","Rhodymeniocolax botryoideus"
"Rosenvingea antillarum (P.L. Crouan & H.M. Crouan) M.J. Wynne","Rosenvingea antillarum"
"Rosenvingiella radicans (Kützing) F. Rindi, L. McIvor & M. Guiry","Rosenvingiella radicans"
"Rosenvingiellopsis constricta (Setchell & Gardner) S. Heesch, M. Pažoutová & F. Rindi","Rosenvingiellopsis constricta"
"Sahlingia subintegra (Rosenvinge) Kornmann","Sahlingia subintegra"
"Salishia firma (Kylin) B.E. Clarkston & G.W. Saunders","Salishia firma"
"Sarcodiotheca furcata (Setchell & N.L. Gardner) Kylin","Sarcodiotheca furcata"
"Sarcodiotheca gaudichaudii (Montagne) P.W. Gabrielson","Sarcodiotheca gaudichaudii"
"Sargassum agardhianum Farlow","Sargassum agardhianum"
"Sargassum horneri (Turner) C. Agardh","Sargassum horneri"
"Sargassum muticum (Yendo) Fensholt","Sargassum muticum"
"Sargassum palmeri Grunow","Sargassum palmeri"
"Scagelia occidentalis (Kylin) E.M. Wollaston","Scagelia occidentalis"
"Schimmelmannia plumosa (Setchell) I.A. Abbott","Schimmelmannia plumosa"
"Schizymenia dubyi (Chauvin ex Duby) J. Agardh","Schizymenia dubyi"
"Schizymenia pacifica (Kylin) Kylin","Schizymenia pacifica"
"Schizymenia sp.","Schizymenia sp."
"Sciadophycus stellatus E.Y. Dawson","Sciadophycus stellatus"
"Scinaia confusa (Setchell) J.M. Huisman","Scinaia confusa"
"Scinaia johnstoniae Setchell","Scinaia johnstoniae"
"Scinaia latifrons M.A. Howe","Scinaia latifrons"
"Scinaia snyderae (Setchell) J.M. Huisman","Scinaia snyderae"
"Scytosiphon dotyi M.J. Wynne","Scytosiphon dotyi"
"Scytosiphon lomentaria (Lyngbye) Link","Scytosiphon lomentaria"
"Sebdenia dawsonii (I.A. Abbott) G.I. Hansen","Sebdenia dawsonii"
"Silvetia compressa (J. Agardh) Serrão, T.O. Cho, S.M. Boo, & S.H. Brawley","Silvetia compressa"
"Silvetia compressa subsp. compressa Serrão, T.O. Cho, S.M. Boo, & S.H. Brawley","Silvetia compressa"
"Silvetia compressa subsp. deliquescens P.C. Silva","Silvetia compressa"
"Smithora naiadum (C.L. Anderson) G.J. Hollenberg","Smithora naiadum"
"Soranthera ulvoidea Postels & Ruprecht","Soranthera ulvoidea"
"Sorella delicatula (N.L. Gardner) G.J. Hollenberg","Sorella delicatula"
"Sorella pinnata G.J. Hollenberg","Sorella pinnata"
"Sphacelaria californica (Sauvageau) Setchell & N.L. Gardner","Sphacelaria californica"
"Sphacelaria didichotoma DeA. Saunders","Sphacelaria didichotoma"
"Sphacelaria rigidula Kützing","Sphacelaria rigidula"
"Spongomorpha mertensii (Ruprecht) Setchell & N.L. Gardner","Spongomorpha mertensii"
"Spongonema tomentosum (Hudson) Kützing","Spongonema tomentosum"
"Sporochnus pedunculatus (Hudson) C. Agardh","Sporochnus pedunculatus"
"Spyridia filamentosa (Wulfen) Harvey","Spyridia filamentosa"
"Stenogramma californicum Harvey","Stenogramma californicum"
"Stephanocystis dioica (Gardner) S.G.A. Draisma, E. Ballesteros, F. Rousseau, & T. Thibaut","Stephanocystis dioica"
"Stephanocystis neglecta (Setchell & N.L. Gardner) S.G.A. Draisma, E. Ballesteros, F. Rousseau & T. Thibaut","Stephanocystis neglecta"
"Stephanocystis osmundacea (Turner) Trevisan","Stephanocystis osmundacea"
"Stephanocystis setchellii (N.L. Gardner) S.G.A. Draisma, E. Ballesteros, F. Rousseau & T. Thibaut","Stephanocystis setchellii"
"Stictyosiphon tortilis (Gobi) Reinke","Stictyosiphon tortilis"
"Streblonema anomalum Setchell & N.L. Gardner","Streblonema anomalum"
"Streblonema corymbiferum Setchell & N.L. Gardner","Streblonema corymbiferum"
"Streblonema evagatum Setchell & N.L. Gardner","Streblonema evagatum"
"Streblonema myrionematoides Setchell & N.L. Gardner","Streblonema myrionematoides"
"Streblonema pacificum DeA. Saunders","Streblonema pacificum"
"Streblonema penetrale Setchell & N.L. Gardner","Streblonema penetrale"
"Streblonema porphyrae Setchell & N.L. Gardner","Streblonema porphyrae"
"Streblonema scabiosum Setchell & N.L. Gardner","Streblonema scabiosum"
"Streblonema transfixum Setchell & N.L. Gardner","Streblonema transfixum"
"Stylonema alsidii (Zanardini) K.M. Drew","Stylonema alsidii"
"Stylonema cornu-cervi Reinsch","Stylonema cornu-cervi"
"Symphyocladiella baileyi (Harvey) D. Bustamante, B.Y. Won, S.C. Lindstrom & T.O. Cho","Symphyocladiella baileyi"
"Symphyocladiella dendroidea (Montagne) D. Bustamante, B.Y. Won, S.C. Lindstrom & T.O. Cho","Symphyocladiella dendroidea"
"Symphyocladiella gracilis (Kylin) D. Bustamante, B.Y. Won, S.C. Lindstrom & T.O. Cho","Symphyocladiella gracilis"
"Symphyocladiella rosea (A.M. Savoie & G.W. Saunders) D. Bustamante, B.Y. Won, S.C. Lindstrom & T.O. Cho","Symphyocladiella rosea"
"Symphyocladiella spp.","Symphyocladiella spp."
"Taonia lennebackerae J. Agardh","Taonia lennebackerae"
"Tetraselmis ascus (Proskauer) R.E. Norris, Hori & Chihara","Tetraselmis ascus"
"Tetraselmis marina (Cienkowski) R.E. Norris, Hori & Chihara","Tetraselmis marina"
"Tiffaniella phycophila (W.R. Taylor) Gordon","Tiffaniella phycophila"
"Tiffaniella snyderae (Farlow) I.A. Abbott","Tiffaniella snyderae"
"Titanoderma pustulatum (Lamouroux) Nägeli","Titanoderma pustulatum"
"Ulothrix flacca (Dillwyn) Thuret","Ulothrix flacca"
"Ulothrix implexa (Kützing) Kützing","Ulothrix implexa"
"Ulva australis Areschoug","Ulva australis"
"Ulva californica Wille","Ulva californica"
"Ulva clathrata (Roth) C. Agardh","Ulva clathrata"
"Ulva compressa Linnaeus","Ulva compressa"
"Ulva dactylifera Setchell & N.L. Gardner","Ulva dactylifera"
"Ulva expansa (Setchell) Setchell & N.L. Gardner","Ulva expansa"
"Ulva fenestrata Postels & Ruprecht","Ulva fenestrata"
"Ulva flexuosa Wulfen","Ulva flexuosa"
"Ulva intestinalis Linnaeus","Ulva intestinalis"
"Ulva linza Linnaeus","Ulva linza"
"Ulva prolifera O.F. Müller","Ulva prolifera"
"Ulva pseudocurvata Koeman & van den Hoek","Ulva pseudocurvata"
"Ulva stenophylla Setchell & N.L. Gardner","Ulva stenophylla"
"Ulva taeniata (Setchell) Setchell & N.L. Gardner","Ulva taeniata"
"Ulva tanneri H. Hayden & J.R. Waaland","Ulva tanneri"
"Ulva torta (Mertens) Trevisan","Ulva torta"
"Ulvaria blyttii (Areschoug) K.L. Vinogradova","Ulvaria blyttii"
"Ulvella cingens (Setchell & N.L. Gardner) R. Nielsen, C.J. O'Kelly & B. Wysor","Ulvella cingens"
"Ulvella codicola (Setchell & N.L. Gardner) R. Nielsen, C.J. O'Kelly & B. Wysor","Ulvella codicola"
"Ulvella geniculata (N.L. Gardner) C.J. O'Kelly & B. Wysor","Ulvella geniculata"
"Ulvella lens P.L. Crouan & H.M. Crouan","Ulvella lens"
"Ulvella ramosa (N.L. Gardner) R. Nielsen, C.J. O'Kelly & B. Wysor","Ulvella ramosa"
"Ulvella setchellii Dangeard","Ulvella setchellii"
"Ulvella viridis (Reinke) R. Nielsen, C.J. O'Kelly & B. Wysor","Ulvella viridis"
"Undaria pinnatifida (Harvey) Suringar","Undaria pinnatifida"
"Urospora doliifera (Setchell & N.L. Gardner) M.S. Doty","Urospora doliifera"
"Urospora penicilliformis (Roth) J.E. Areschoug","Urospora penicilliformis"
"Urospora wormskioldii (J.W. Hornemann) Rosenvinge","Urospora wormskioldii"
"Veleroa subulata E.Y. Dawson","Veleroa subulata"
"Vertebrata hendryi (N.L. Gardner) A.M. Savoie & G.W. Saunders","Vertebrata hendryi"
"Weeksia coccinea (Harvey) S.C. Lindstrom","Weeksia coccinea"
"Weeksia digitata I.A. Abbott","Weeksia digitata"
"Weeksia howellii Setchell & N.L. Gardner","Weeksia howellii"
"Weeksia reticulata Setchell","Weeksia reticulata"
"Weeksia templetonii Setchell & N.L. Gardner","Weeksia templetonii"
"Wildemania amplissima (Kjellman) Foslie","Wildemania amplissima"
"Wildemania occidentalis (Setchell & Hus) S.C. Lindstrom","Wildemania occidentalis"
"Wildemania schizophylla (G.J. Hollenberg) S.C. Lindstrom","Wildemania schizophylla"
"Wittrockiella amphibia (Collins) C. Boedeker & G.I. Hansen","Wittrockiella amphibia"
"Xiphosiphonia pennata (C. Agardh) A.M. Savoie & G.W. Saunders","Xiphosiphonia pennata"
"Yendoa hakodatensis (Yendo) C.C. Santos, G.M. Lyra & J.M.C. Nunes","Yendoa hakodatensis"
"Yoneshiguea affinis (Setchell & N.L. Gardner) Barros-Barreto, Maggs & M.A.Jaramillo","Yoneshiguea affinis"
"Zonaria farlowii Setchell & N.L. Gardner","Zonaria farlowii"
